{"Epoch": 30, "Dev": 76.88888888888889, "Test": 74.57142857142857}