{"Epoch": 0, "Dev": 77.88888888888889, "Test": 76.14285714285714}